word,count,id
HTML,148,2
HTML5,148,3
CSS,154,4
CSS3,48,5
Bootstrap3,106,6
Bootstrap4,70,7
Bootstrap5,76,8
Font Awesome,34,9
Foundation,80,10
JavaScript,172,11
HTML DOM,28,12
jQuery,96,13
AngularJS,54,14
AngularJS2,16,15
Vue.js,44,16
Vue3,44,17
React,30,18
TypeScript,44,19
jQuery UI,108,20
jQuery EasyUI ,68,21
Node.js,50,22
AJAX,24,23
JSON,24,24
Echarts,24,25
Chart.js,24,26
Highcharts,32,27
Google 地图,18,28
Python,224,29
Python2.x,86,30
Linux,60,31
Docker,62,32
Ruby,90,33
Java,104,34
C,106,35
C++,88,36
Perl,58,37
Servlet ,24,38
JSP,64,39
Lua,46,40
Rust,44,41
Scala,46,42
Go,48,43
PHP,190,44
数据结构与算法,64,45
Django,38,46
设计模式,72,47
正则表达式,20,48
Maven,40,49
ASP,72,50
AppML,26,51
VBScript,20,52
SQL,130,53
MySQL,72,54
PostgreSQL,88,55
SQLite,102,56
MongoDB,92,57
Redis,56,58
Memcached,42,59
NumPy,50,60
Pandas,16,61
Matplotlib,30,62
Scipy,22,63
R,58,64
Julia,36,65
Swift,66,66
jQuery Mobile,64,67
ionic,74,68
Kotlin,36,69
XML,58,70
DTD,20,71
XML DOM,80,72
XSLT,40,73
XPath,18,74
XQuery,24,75
XLink,14,76
XPointer,14,77
XML Schema,50,78
XSL-FO,26,79
SVG,42,80
ASP.NET,128,81
C#,82,82
Web Pages,128,83
Razor,128,84
MVC,128,85
Web Forms,128,86
Web Service,12,87
WSDL,16,88
SOAP,20,89
RSS,20,90
RDF,22,91
Eclipse,70,92
Git,26,93
Svn,28,94
Markdown,20,95
HTTP,18,96
网站建设指南,32,97
浏览器信息,26,98
网站主机教程,22,99
TCP/IP,10,100
W3C,32,101
网站品质,14,102
jQuery EasyUI,68,103
Servlet,24,104
