subject,count
XLink,2
正则表达式,2
Scipy,2
浏览器信息,2
Docker,2
RSS,2
name,0
Maven,2
Linux,3
Android,2
Redis,2
网站主机教程,2
XML DOM,2
XSLT,2
XQuery,2
Svn,2
XSL-FO,2
Julia,2
CSS3,2
NumPy,2
CSS,7
Node.js,2
Git,2
MySQL,2
HTML,9
jQuery,8
Verilog,2
Java,11
JSON,2
Rust,2
ASP.NET,3
AJAX,1
Vue3,2
MongoDB,2
Echarts,1
设计模式,2
SOAP,2
AppML,1
网站建设指南,2
W3C,3
Servlet,2
JSP,1
Ruby,2
数据结构与算法,2
SQLite,2
Eclipse,1
R,16
MVC,2
Pandas,2
XML,12
XPath,1
Razor,0
SQL,7
SVG,1
HTML5,0
HTTP,2
C,22
ionic,1
ASP,5
Lua,1
PHP,2
Go,4
Kotlin,1
Python,8
React,0
Perl,2
Scala,2
TCP/IP,0
Vue.js,2
C\#,0
网站品质,2
