word,count
name,1
HTML,148
HTML5,148
CSS,154
CSS3,48
Bootstrap3,106
Bootstrap4,70
Bootstrap5,76
Font Awesome,34
Foundation,80
JavaScript,172
HTML DOM,28
jQuery,96
AngularJS,54
AngularJS2,16
Vue.js,44
Vue3,44
React,30
TypeScript,44
jQuery UI,108
jQuery EasyUI ,68
Node.js,50
AJAX,24
JSON,24
Echarts,24
Chart.js,24
Highcharts,32
Google 地图,18
Python,224
Python2.x,86
Linux,60
Docker,62
Ruby,90
Java,104
C,106
C++,88
Perl,58
Servlet ,24
JSP,64
Lua,46
Rust,44
Scala,46
Go,48
PHP,190
数据结构与算法,64
Django,38
设计模式,72
正则表达式,20
Maven,40
ASP,72
AppML,26
VBScript,20
SQL,130
MySQL,72
PostgreSQL,88
SQLite,102
MongoDB,92
Redis,56
Memcached,42
NumPy,50
Pandas,16
Matplotlib,30
Scipy,22
R,58
Julia,36
Swift,66
jQuery Mobile,64
ionic,74
Kotlin,36
XML,58
DTD,20
XML DOM,80
XSLT,40
XPath,18
XQuery,24
XLink,14
XPointer,14
XML Schema,50
XSL-FO,26
SVG,42
ASP.NET,128
C#,82
Web Pages,128
Razor,128
MVC,128
Web Forms,128
Web Service,12
WSDL,16
SOAP,20
RSS,20
RDF,22
Eclipse,70
Git,26
Svn,28
Markdown,20
HTTP,18
网站建设指南,32
浏览器信息,26
网站主机教程,22
TCP/IP,10
W3C,32
网站品质,14
jQuery EasyUI,68
Servlet,24
