id,title,name,url
1, HTML / CSS,"【学习 HTML】

HTML，即超文本标记语言（Hyper Text Markup Language）",https://www.runoob.com/html/html-tutorial.html
2, HTML / CSS,"【学习 HTML5】

HTML5 是下一代 HTML 标准",https://www.runoob.com/html/html5-intro.html
3, HTML / CSS,"【学习 CSS】

层叠样式表（Cascading StyleSheet）",https://www.runoob.com/css/css-tutorial.html
4, HTML / CSS,"【学习 CSS3】

CSS3是CSS技术的升级版本",https://www.runoob.com/css3/css3-tutorial.html
5, HTML / CSS,"【学习 Bootstrap3】

Bootstrap，来自 Twitter，是目前最受欢迎的前端框架",https://www.runoob.com/bootstrap/bootstrap-tutorial.html
6, HTML / CSS,"【学习 Bootstrap4】

Bootstrap4 前端框架",https://www.runoob.com/bootstrap4/bootstrap4-tutorial.html
7, HTML / CSS,"【学习 Bootstrap5】

Bootstrap5 目前是 Bootstrap 的最新版本",https://www.runoob.com/bootstrap5/bootstrap5-tutorial.html
8, HTML / CSS,"【学习 Font Awesome】

Font Awesome 是一套绝佳的图标字体库和CSS框架。",https://www.runoob.com/font-awesome/fontawesome-tutorial.html
9, HTML / CSS,"【学习 Foundation】

Foundation 用于开发响应式的 HTML, CSS and JavaScript 框架",https://www.runoob.com/foundation/foundation-tutorial.html
10, JavaScript,"【学习 JavaScript】

JavaScript 是 Web 的编程语言",https://www.runoob.com/js/js-tutorial.html
11, JavaScript,"【学习 HTML DOM】

HTML DOM 定义了访问和操作 HTML 文档的标准方法",https://www.runoob.com/htmldom/htmldom-tutorial.html
12, JavaScript,"【学习 jQuery】

jQuery 是一个 JavaScript 库",https://www.runoob.com/jquery/jquery-tutorial.html
13, JavaScript,"【学习 AngularJS】

AngularJS 通过新的属性和表达式扩展了 HTML",https://www.runoob.com/angularjs/angularjs-tutorial.html
14, JavaScript,"【学习 AngularJS2】

AngularJS2 是一款开源JavaScript库，由Google维护。",https://www.runoob.com/angularjs2/angularjs2-tutorial.html
15, JavaScript,"【学习 Vue.js】

Vue.js 是一套构建用户界面的渐进式框架。",https://www.runoob.com/vue2/vue-tutorial.html
16, JavaScript,"【学习 Vue3】

Vue 是一套构建用户界面的渐进式框架。",https://www.runoob.com/vue3/vue3-tutorial.html
17, JavaScript,"【学习 React】

React 是一个用于构建用户界面的 JAVASCRIPT 库",https://www.runoob.com/react/react-tutorial.html
18, JavaScript,"【学习 TypeScript】

TypeScript 是 JavaScript 的一个超集，支持 ECMAScript 6 标准",https://www.runoob.com/typescript/ts-tutorial.html
19, JavaScript,"【学习 jQuery UI】

jQuery UI 是建立在 jQuery上的一组用户界面交互、特效、小部件及主题",https://www.runoob.com/jqueryui/jqueryui-tutorial.html
20, JavaScript,"【学习 jQuery EasyUI 】

jQuery EasyUI 是一个基于 jQuery 的框架，集成了各种用户界面插件",https://www.runoob.com/jeasyui/jqueryeasyui-tutorial.html
21, JavaScript,"【学习 Node.js】

Node.js 是运行在服务端的 JavaScript",https://www.runoob.com/nodejs/nodejs-tutorial.html
22, JavaScript,"【学习 AJAX】

AJAX = Asynchronous JavaScript and XML（异步的 JavaScript 和 XML）",https://www.runoob.com/ajax/ajax-tutorial.html
23, JavaScript,"【学习 JSON】

JSON 是存储和交换文本信息的语法",https://www.runoob.com/json/json-tutorial.html
24, JavaScript,"【学习 Echarts】

ECharts 是一个使用 JavaScript 实现的开源可视化库",https://www.runoob.com/echarts/echarts-tutorial.html
25, JavaScript,"【学习 Chart.js】

Chart.js 是一个简单、灵活的 JavaScript 图表工具",https://www.runoob.com/chartjs/chartjs-tutorial.html
26, JavaScript,"【学习 Highcharts】

Highcharts 是一个用纯JavaScript编写的一个图表库",https://www.runoob.com/highcharts/highcharts-tutorial.html
27, JavaScript,"【学习 Google 地图】

Google 地图接口使用说明",https://www.runoob.com/googleapi/google-maps-basic.html
28, 服务端,"【学习 Python】

Python3.x 版本，未来主流版本。",https://www.runoob.com/python3/python3-tutorial.html
29, 服务端,"【学习 Python2.x】

Python 是一种面向对象、解释型计算机程序设计语言",https://www.runoob.com/python/python-tutorial.html
30, 服务端,"【学习 Linux】

Linux是一套免费使用和自由传播的类Unix操作系统",https://www.runoob.com/linux/linux-tutorial.html
31, 服务端,"【学习 Docker】

Docker 是一个开源的应用容器引擎，基于 Go 语言",https://www.runoob.com/docker/docker-tutorial.html
32, 服务端,"【学习 Ruby】

一种为简单快捷的面向对象编程（面向对象程序设计）而创的脚本语言",https://www.runoob.com/ruby/ruby-tutorial.html
33, 服务端,"【学习 Java】

一种可以撰写跨平台应用软件的面向对象的程序设计语言",https://www.runoob.com/java/java-tutorial.html
34, 服务端,"【学习 C】

一门通用计算机编程语言",https://www.runoob.com/c/c-tutorial.html
35, 服务端,"【学习 C++】

C++是在C语言的基础上开发的一种通用编程语言",https://www.runoob.com/cplusplus/cpp-tutorial.html
36, 服务端,"【学习 Perl】

Perl 是高级、通用、直译式、动态的程序语言",https://www.runoob.com/perl/perl-tutorial.html
37, 服务端,"【学习 Servlet 】

运行在 Web 服务器或应用服务器上的程序",https://www.runoob.com/servlet/servlet-tutorial.html
38, 服务端,"【学习 JSP】

JSP与PHP、ASP、ASP.NET等语言类似，运行在服务端的语言",https://www.runoob.com/jsp/jsp-tutorial.html
39, 服务端,"【学习 Lua】

Lua 是一种轻量小巧的脚本语言，用标准C语言编写并以源代码形式开放",https://www.runoob.com/lua/lua-tutorial.html
40, 服务端,"【学习 Rust】

Rust 语言是一种高效、可靠的通用高级语言",https://www.runoob.com/rust/rust-tutorial.html
41, 服务端,"【学习 Scala】

Scala 是一门多范式（multi-paradigm）的编程语言。",https://www.runoob.com/scala/scala-tutorial.html
42, 服务端,"【学习 Go】

Go语言是谷歌推出的一种全新的编程语言",https://www.runoob.com/go/go-tutorial.html
43, 服务端,"【学习 PHP】

PHP 是一种通用开源脚本语言",https://www.runoob.com/php/php-tutorial.html
44, 服务端,"【数据结构与算法】

数据结构是计算机中存储、组织数据的方式。",https://www.runoob.com/data-structures/data-structures-tutorial.html
45, 服务端,"【学习 Django】

Django 是一个开放源代码的Web应用框架，由Python写成",https://www.runoob.com/django/django-tutorial.html
46, 服务端,"【学习 Zookeeper】

ZooKeeper 是一个分布式的，开放源码的分布式应用程序协调服务",https://www.runoob.com/w3cnote/zookeeper-tutorial.html
47, 服务端,"【设计模式】

设计模式代表了最佳的实践，通常被有经验的面向对象的软件开发人员所采用",https://www.runoob.com/design-pattern/design-pattern-tutorial.html
48, 服务端,"【正则表达式】

正则表达式是对字符串操作的一种逻辑公式",https://www.runoob.com/regexp/regexp-tutorial.html
49, 服务端,"【学习 Maven】

Maven 是一个项目管理工具，可以对 Java 项目进行构建、依赖管理",https://www.runoob.com/maven/maven-tutorial.html
50, 服务端,"【学习 Verilog】

Verilog 是一种用于设计数字电路的硬件描述语言，主要应用在集成电路系统中",https://www.runoob.com/w3cnote/verilog-tutorial.html
51, 服务端,"【学习 ASP】

ASP（Active Server Pages 动态服务器页面）是一种生成动态交互性网页的强有力工具",https://www.runoob.com/asp/asp-tutorial.html
52, 服务端,"【学习 AppML】

AppML 是一个为web应用程序设计的HTML扩展框",https://www.runoob.com/appml/appml-tutorial.html
53, 服务端,"【学习 VBScript】

一种微软环境下的轻量级的解释型语言",https://www.runoob.com/vbscript/vbscript-tutorial.html
54, 数据库,"【学习 SQL】

结构化查询语言(Structured Query Language)",https://www.runoob.com/sql/sql-tutorial.html
55, 数据库,"【学习 MySQL】

MySQL 是一个关系型数据库管理系统",https://www.runoob.com/mysql/mysql-tutorial.html
56, 数据库,"【学习 PostgreSQL】

PostgreSQL 是一个免费的对象-关系数据库服务器(ORDBMS)",https://www.runoob.com/postgresql/postgresql-tutorial.html
57, 数据库,"【学习 SQLite】

一款轻型的数据库",https://www.runoob.com/sqlite/sqlite-tutorial.html
58, 数据库,"【学习 MongoDB】

Mongo DB 是目前在IT行业非常流行的一种非关系型数据库(NoSql)",https://www.runoob.com/mongodb/mongodb-tutorial.html
59, 数据库,"【学习 Redis】

一个高性能的key-value数据库",https://www.runoob.com/redis/redis-tutorial.html
60, 数据库,"【学习 Memcached】

Memcached是一个自由开源的，高性能，分布式内存对象缓存系统。",https://www.runoob.com/Memcached/Memcached-tutorial.html
61, 数据分析,"【学习 Python】

Python3.x 版本，未来主流版本。",https://www.runoob.com/python3/python3-tutorial.html
62, 数据分析,"【学习 NumPy】

NumPy 是 Python 语言的一个扩展程序库，支持大量的维度数组与矩阵运算",https://www.runoob.com/numpy/numpy-tutorial.html
63, 数据分析,"【学习 Pandas】

Pandas 是 Python 语言的一个扩展程序库，用于数据分析",https://www.runoob.com/pandas/pandas-tutorial.html
64, 数据分析,"【学习 Matplotlib】

Matplotlib 是 Python 的绘图库",https://www.runoob.com/matplotlib/matplotlib-tutorial.html
65, 数据分析,"【学习 Scipy】

SciPy 是一个开源的 Python 算法库和数学工具包。",https://www.runoob.com/scipy/scipy-tutorial.html
66, 数据分析,"【学习 R】

R 语言是为数学研究工作者设计的一种数学编程语言",https://www.runoob.com/r/r-tutorial.html
67, 数据分析,"【学习 Julia】

Julia 是一个面向科学计算的高性能动态高级程序设计语言",https://www.runoob.com/julia/julia-tutorial.html
68, 移动端,"【学习 Android】

Android 是一种基于Linux的自由及开放源代码的操作系统，主要使用于移动设备",https://www.runoob.com/w3cnote/android-tutorial-intro.html
69, 移动端,"【学习 Swift】

Swift 是一种支持多编程范式和编译式的编程语言,用于开发 iOS，OS X 和 watchOS应用程序。",https://www.runoob.com/swift/swift-tutorial.html
70, 移动端,"【学习 jQuery Mobile】

jQuery Mobile是jQuery 在手机上和平板设备上的版本",https://www.runoob.com/jquerymobile/jquerymobile-tutorial.html
71, 移动端,"【学习 ionic】

ionic 是一个强大的 HTML5 应用程序开发框架(HTML5 Hybrid Mobile App Framework )。",https://www.runoob.com/ionic/ionic-tutorial.html
72, 移动端,"【学习 Kotlin】

在 Java 虚拟机上运行的静态类型编程语言，Android 官方开发语言",https://www.runoob.com/kotlin/kotlin-tutorial.html
73, XML 教程,"【学习 XML】

XML 被设计用来传输和存储数据",https://www.runoob.com/xml/xml-tutorial.html
74, XML 教程,"【学习 DTD】

DTD（文档类型定义）的作用是定义 XML 文档的合法构建模块",https://www.runoob.com/dtd/dtd-tutorial.html
75, XML 教程,"【学习 XML DOM】

XML DOM 定义访问和操作XML文档的标准方法",https://www.runoob.com/dom/dom-tutorial.html
76, XML 教程,"【学习 XSLT】

XSL 是一个 XML 文档的样式表语言，XSLT 指 XSL 转换",https://www.runoob.com/xsl/xsl-tutorial.html
77, XML 教程,"【学习 XPath】

XPath 是一门在 XML 文档中查找信息的语言",https://www.runoob.com/xpath/xpath-tutorial.html
78, XML 教程,"【学习 XQuery】

XQuery 被设计用来查询 XML 数据",https://www.runoob.com/xquery/xquery-tutorial.html
79, XML 教程,"【学习 XLink】

XLink 定义在 XML 文档中创建超级链接的标准方法",https://www.runoob.com/xlink/xlink-tutorial.html
80, XML 教程,"【学习 XPointer】

XPointer是在可扩展标志语言（XML）文件中定位数据的一种语言",https://www.runoob.com/xlink/xlink-tutorial.html
81, XML 教程,"【学习 XML Schema】

XML Schema 描述了 XML文档的结构",https://www.runoob.com/schema/schema-tutorial.html
82, XML 教程,"【学习 XSL-FO】

XSL-FO 指可扩展样式表语言格式化对象",https://www.runoob.com/xslfo/xslfo-tutorial.html
83, XML 教程,"【学习 SVG】

SVG 使用 XML 格式定义图像",https://www.runoob.com/svg/svg-tutorial.html
84, ASP.NET,"【学习 ASP.NET】

ASP.NET 是一个使用 HTML、CSS、JavaScript 和服务器脚本创建网页和网站的开发框架",https://www.runoob.com/aspnet/aspnet-tutorial.html
85, ASP.NET,"【学习 C#】

C# 是一个简单的、现代的、通用的、面向对象的编程语言",https://www.runoob.com/csharp/csharp-tutorial.html
86, ASP.NET,"【学习 Web Pages】

Web Pages 是三种网页编程模型中的一种，用于创建网站和web 应用程序",https://www.runoob.com/aspnet/webpages-intro.html
87, ASP.NET,"【学习 Razor】

Razor 是一种标记语法，可以让您将基于服务器的代码（Visual Basic 和 C#）嵌入到网页中",https://www.runoob.com/aspnet/razor-intro.html
88, ASP.NET,"【学习 MVC】

MVC（Model View Controller 模型-视图-控制器）",https://www.runoob.com/aspnet/mvc-intro.html
89, ASP.NET,"【学习 Web Forms】

Web Forms 是三种创建 ASP.NET 网站和 Web 应用程序的编程模式中的一种",https://www.runoob.com/aspnet/aspnet-intro.html
90, Web Service,"【学习 Web Service】

Web Service 脚本平台需支持 XML + HTTP",https://www.runoob.com/webservices/webservices-tutorial.html
91, Web Service,"【学习 WSDL】

WSDL是一门基于 XML 的语言，用于描述 Web Service 以及如何对它们进行访问",https://www.runoob.com/wsdl/wsdl-tutorial.html
92, Web Service,"【学习 SOAP】

SOAP 是一种简单的基于 XML 的协议，它使应用程序通过 HTTP 来交换信息",https://www.runoob.com/soap/soap-tutorial.html
93, Web Service,"【学习 RSS】

RSS基于XML标准，在互联网上被广泛采用的内容包装和投递协议",https://www.runoob.com/rss/rss-tutorial.html
94, Web Service,"【学习 RDF】

DF(资源描述框架)是描述网络资源的 W3C 标准",https://www.runoob.com/rdf/rdf-tutorial.html
95, 开发工具,"【学习 Eclipse】

Eclipse 是一个开放源代码的、基于 Java 的可扩展开发平台",https://www.runoob.com/eclipse/eclipse-tutorial.html
96, 开发工具,"【学习 Git】

Git是一个开源的分布式版本控制系统，用于敏捷高效地处理任何或小或大的项目",https://www.runoob.com/git/git-tutorial.html
97, 开发工具,"【学习 Svn】

 SVN 是一个开放源代码的版本控制系统",https://www.runoob.com/svn/svn-tutorial.html
98, 开发工具,"【学习 Markdown】

Markdown 是一种轻量级标记语言",https://www.runoob.com/markdown/md-tutorial.html
99, 网站建设,"【学习 HTTP】

HTTP协议（HyperText Transfer Protocol，超文本传输协议）是因特网上应用最为广泛的一种网络传输协议",https://www.runoob.com/http/http-tutorial.html
100, 网站建设,"【网站建设指南】

网站建设指导课程",https://www.runoob.com/web/web-buildingprimer.html
101, 网站建设,"【浏览器信息】

对于网站开发人员来说，浏览器信息和统计数据都是非常重要的",https://www.runoob.com/browsers/browser-information.html
102, 网站建设,"【网站主机教程】

如果您希望向全世界发布自己的网站，那么您的网站就需要被放置于一个 WEB 服务器",https://www.runoob.com/hosting/hosting-tutorial.html
103, 网站建设,"【学习 TCP/IP】

TCP/IP 是因特网的通信协议",https://www.runoob.com/tcpip/tcpip-tutorial.html
104, 网站建设,"【学习 W3C】

W3C 让每个人都能在互联网上分享资源",https://www.runoob.com/w3c/w3c-tutorial.html
105, 网站建设,"【网站品质】

学习如何创建高质量的web网站",https://www.runoob.com/quality/quality-tutorial.html
106, HTML / CSS,"
HTML
",https://www.runoob.com/html/html-tutorial.html
107, HTML / CSS,"
HTML5
",https://www.runoob.com/html/html5-intro.html
108, HTML / CSS,"
CSS
",https://www.runoob.com/css/css-tutorial.html
109, HTML / CSS,"
CSS3
",https://www.runoob.com/css3/css3-tutorial.html
110, HTML / CSS,"
Bootstrap3
",https://www.runoob.com/bootstrap/bootstrap-tutorial.html
111, HTML / CSS,"
Bootstrap4
",https://www.runoob.com/bootstrap4/bootstrap4-tutorial.html
112, HTML / CSS,"
Bootstrap5
",https://www.runoob.com/bootstrap5/bootstrap5-tutorial.html
113, HTML / CSS,"
Font Awesome
",https://www.runoob.com/font-awesome/fontawesome-tutorial.html
114, HTML / CSS,"
Foundation
",https://www.runoob.com/foundation/foundation-tutorial.html
115, JavaScript,"
JavaScript
",https://www.runoob.com/js/js-tutorial.html
116, JavaScript,"
HTML DOM
",https://www.runoob.com/htmldom/htmldom-tutorial.html
117, JavaScript,"
jQuery
",https://www.runoob.com/jquery/jquery-tutorial.html
118, JavaScript,"
AngularJS
",https://www.runoob.com/angularjs/angularjs-tutorial.html
119, JavaScript,"
AngularJS2
",https://www.runoob.com/angularjs2/angularjs2-tutorial.html
120, JavaScript,"
Vue.js
",https://www.runoob.com/vue2/vue-tutorial.html
121, JavaScript,"
Vue3
",https://www.runoob.com/vue3/vue3-tutorial.html
122, JavaScript,"
React
",https://www.runoob.com/react/react-tutorial.html
123, JavaScript,"
TypeScript
",https://www.runoob.com/typescript/ts-tutorial.html
124, JavaScript,"
jQuery UI
",https://www.runoob.com/jqueryui/jqueryui-tutorial.html
125, JavaScript,"
jQuery EasyUI
",https://www.runoob.com/jeasyui/jqueryeasyui-tutorial.html
126, JavaScript,"
Node.js
",https://www.runoob.com/nodejs/nodejs-tutorial.html
127, JavaScript,"
AJAX
",https://www.runoob.com/ajax/ajax-tutorial.html
128, JavaScript,"
JSON
",https://www.runoob.com/json/json-tutorial.html
129, JavaScript,"
Echarts
",https://www.runoob.com/echarts/echarts-tutorial.html
130, JavaScript,"
Chart.js
",https://www.runoob.com/chartjs/chartjs-tutorial.html
131, JavaScript,"
Highcharts
",https://www.runoob.com/highcharts/highcharts-tutorial.html
132, JavaScript,"
Google 地图
",https://www.runoob.com/googleapi/google-maps-basic.html
133, 服务端,"
Python
",https://www.runoob.com/python3/python3-tutorial.html
134, 服务端,"
Python2.x
",https://www.runoob.com/python/python-tutorial.html
135, 服务端,"
Linux
",https://www.runoob.com/linux/linux-tutorial.html
136, 服务端,"
Docker
",https://www.runoob.com/docker/docker-tutorial.html
137, 服务端,"
Ruby
",https://www.runoob.com/ruby/ruby-tutorial.html
138, 服务端,"
Java
",https://www.runoob.com/java/java-tutorial.html
139, 服务端,"
C
",https://www.runoob.com/c/c-tutorial.html
140, 服务端,"
C++
",https://www.runoob.com/cplusplus/cpp-tutorial.html
141, 服务端,"
Perl
",https://www.runoob.com/perl/perl-tutorial.html
142, 服务端,"
Servlet
",https://www.runoob.com/servlet/servlet-tutorial.html
143, 服务端,"
JSP
",https://www.runoob.com/jsp/jsp-tutorial.html
144, 服务端,"
Lua
",https://www.runoob.com/lua/lua-tutorial.html
145, 服务端,"
Rust
",https://www.runoob.com/rust/rust-tutorial.html
146, 服务端,"
Scala
",https://www.runoob.com/scala/scala-tutorial.html
147, 服务端,"
Go
",https://www.runoob.com/go/go-tutorial.html
148, 服务端,"
PHP
",https://www.runoob.com/php/php-tutorial.html
149, 服务端,"
数据结构与算法
",https://www.runoob.com/data-structures/data-structures-tutorial.html
150, 服务端,"
Django
",https://www.runoob.com/django/django-tutorial.html
151, 服务端,"
Zookeeper
",https://www.runoob.com/w3cnote/zookeeper-tutorial.html
152, 服务端,"
设计模式
",https://www.runoob.com/design-pattern/design-pattern-tutorial.html
153, 服务端,"
正则表达式
",https://www.runoob.com/regexp/regexp-tutorial.html
154, 服务端,"
Maven
",https://www.runoob.com/maven/maven-tutorial.html
155, 服务端,"
Verilog
",https://www.runoob.com/w3cnote/verilog-tutorial.html
156, 服务端,"
ASP
",https://www.runoob.com/asp/asp-tutorial.html
157, 服务端,"
AppML
",https://www.runoob.com/appml/appml-tutorial.html
158, 服务端,"
VBScript
",https://www.runoob.com/vbscript/vbscript-tutorial.html
159, 数据库,"
SQL
",https://www.runoob.com/sql/sql-tutorial.html
160, 数据库,"
MySQL
",https://www.runoob.com/mysql/mysql-tutorial.html
161, 数据库,"
PostgreSQL
",https://www.runoob.com/postgresql/postgresql-tutorial.html
162, 数据库,"
SQLite
",https://www.runoob.com/sqlite/sqlite-tutorial.html
163, 数据库,"
MongoDB
",https://www.runoob.com/mongodb/mongodb-tutorial.html
164, 数据库,"
Redis
",https://www.runoob.com/redis/redis-tutorial.html
165, 数据库,"
Memcached
",https://www.runoob.com/Memcached/Memcached-tutorial.html
166, 数据分析,"
Python
",https://www.runoob.com/python3/python3-tutorial.html
167, 数据分析,"
NumPy
",https://www.runoob.com/numpy/numpy-tutorial.html
168, 数据分析,"
Pandas
",https://www.runoob.com/pandas/pandas-tutorial.html
169, 数据分析,"
Matplotlib
",https://www.runoob.com/matplotlib/matplotlib-tutorial.html
170, 数据分析,"
Scipy
",https://www.runoob.com/scipy/scipy-tutorial.html
171, 数据分析,"
R
",https://www.runoob.com/r/r-tutorial.html
172, 数据分析,"
Julia
",https://www.runoob.com/julia/julia-tutorial.html
173, 移动端,"
Android
",https://www.runoob.com/w3cnote/android-tutorial-intro.html
174, 移动端,"
Swift
",https://www.runoob.com/swift/swift-tutorial.html
175, 移动端,"
jQuery Mobile
",https://www.runoob.com/jquerymobile/jquerymobile-tutorial.html
176, 移动端,"
ionic
",https://www.runoob.com/ionic/ionic-tutorial.html
177, 移动端,"
Kotlin
",https://www.runoob.com/kotlin/kotlin-tutorial.html
178, XML 教程,"
XML
",https://www.runoob.com/xml/xml-tutorial.html
179, XML 教程,"
DTD
",https://www.runoob.com/dtd/dtd-tutorial.html
180, XML 教程,"
XML DOM
",https://www.runoob.com/dom/dom-tutorial.html
181, XML 教程,"
XSLT
",https://www.runoob.com/xsl/xsl-tutorial.html
182, XML 教程,"
XPath
",https://www.runoob.com/xpath/xpath-tutorial.html
183, XML 教程,"
XQuery
",https://www.runoob.com/xquery/xquery-tutorial.html
184, XML 教程,"
XLink
",https://www.runoob.com/xlink/xlink-tutorial.html
185, XML 教程,"
XPointer
",https://www.runoob.com/xlink/xlink-tutorial.html
186, XML 教程,"
XML Schema
",https://www.runoob.com/schema/schema-tutorial.html
187, XML 教程,"
XSL-FO
",https://www.runoob.com/xslfo/xslfo-tutorial.html
188, XML 教程,"
SVG
",https://www.runoob.com/svg/svg-tutorial.html
189, ASP.NET,"
ASP.NET
",https://www.runoob.com/aspnet/aspnet-tutorial.html
190, ASP.NET,"
C#
",https://www.runoob.com/csharp/csharp-tutorial.html
191, ASP.NET,"
Web Pages
",https://www.runoob.com/aspnet/webpages-intro.html
192, ASP.NET,"
Razor
",https://www.runoob.com/aspnet/razor-intro.html
193, ASP.NET,"
MVC
",https://www.runoob.com/aspnet/mvc-intro.html
194, ASP.NET,"
Web Forms
",https://www.runoob.com/aspnet/aspnet-intro.html
195, Web Service,"
Web Service
",https://www.runoob.com/webservices/webservices-tutorial.html
196, Web Service,"
WSDL
",https://www.runoob.com/wsdl/wsdl-tutorial.html
197, Web Service,"
SOAP
",https://www.runoob.com/soap/soap-tutorial.html
198, Web Service,"
RSS
",https://www.runoob.com/rss/rss-tutorial.html
199, Web Service,"
RDF
",https://www.runoob.com/rdf/rdf-tutorial.html
200, 开发工具,"
Eclipse
",https://www.runoob.com/eclipse/eclipse-tutorial.html
201, 开发工具,"
Git
",https://www.runoob.com/git/git-tutorial.html
202, 开发工具,"
Svn
",https://www.runoob.com/svn/svn-tutorial.html
203, 开发工具,"
Markdown
",https://www.runoob.com/markdown/md-tutorial.html
204, 网站建设,"
HTTP
",https://www.runoob.com/http/http-tutorial.html
205, 网站建设,"
网站建设指南
",https://www.runoob.com/web/web-buildingprimer.html
206, 网站建设,"
浏览器信息
",https://www.runoob.com/browsers/browser-information.html
207, 网站建设,"
网站主机教程
",https://www.runoob.com/hosting/hosting-tutorial.html
208, 网站建设,"
TCP/IP
",https://www.runoob.com/tcpip/tcpip-tutorial.html
209, 网站建设,"
W3C
",https://www.runoob.com/w3c/w3c-tutorial.html
210, 网站建设,"
网站品质
",https://www.runoob.com/quality/quality-tutorial.html
