title,count
服务端,52
JavaScript,36
XML 教程,22
HTML / CSS,18
数据库,14
数据分析,14
网站建设,14
ASP.NET,12
移动端,10
Web Service,10
开发工具,8
https://www.runoob.com/python3/python3-tutorial.html,2
https://www.runoob.com/xlink/xlink-tutorial.html,2
https://www.runoob.com/python/python-tutorial.html,1
https://www.runoob.com/w3c/w3c-tutorial.html,1
https://www.runoob.com/ruby/ruby-tutorial.html,1
https://www.runoob.com/jsp/jsp-tutorial.html,1
https://www.runoob.com/webservices/webservices-tutorial.html,1
https://www.runoob.com/web/web-buildingprimer.html,1
https://www.runoob.com/mysql/mysql-tutorial.html,1
https://www.runoob.com/bootstrap/bootstrap-tutorial.html,1
https://www.runoob.com/xpath/xpath-tutorial.html,1
https://www.runoob.com/git/git-tutorial.html,1
https://www.runoob.com/numpy/numpy-tutorial.html,1
https://www.runoob.com/asp/asp-tutorial.html,1
https://www.runoob.com/ajax/ajax-tutorial.html,1
https://www.runoob.com/servlet/servlet-tutorial.html,1
https://www.runoob.com/kotlin/kotlin-tutorial.html,1
https://www.runoob.com/django/django-tutorial.html,1
https://www.runoob.com/maven/maven-tutorial.html,1
https://www.runoob.com/mongodb/mongodb-tutorial.html,1
https://www.runoob.com/go/go-tutorial.html,1
https://www.runoob.com/font-awesome/fontawesome-tutorial.html,1
https://www.runoob.com/bootstrap4/bootstrap4-tutorial.html,1
https://www.runoob.com/vbscript/vbscript-tutorial.html,1
https://www.runoob.com/rdf/rdf-tutorial.html,1
https://www.runoob.com/matplotlib/matplotlib-tutorial.html,1
https://www.runoob.com/appml/appml-tutorial.html,1
https://www.runoob.com/tcpip/tcpip-tutorial.html,1
https://www.runoob.com/data-structures/data-structures-tutorial.html,1
https://www.runoob.com/eclipse/eclipse-tutorial.html,1
https://www.runoob.com/sqlite/sqlite-tutorial.html,1
https://www.runoob.com/quality/quality-tutorial.html,1
https://www.runoob.com/pandas/pandas-tutorial.html,1
https://www.runoob.com/linux/linux-tutorial.html,1
"CSS and JavaScript 框架""",1
https://www.runoob.com/json/json-tutorial.html,1
https://www.runoob.com/hosting/hosting-tutorial.html,1
https://www.runoob.com/angularjs2/angularjs2-tutorial.html,1
https://www.runoob.com/aspnet/razor-intro.html,1
https://www.runoob.com/angularjs/angularjs-tutorial.html,1
https://www.runoob.com/svn/svn-tutorial.html,1
https://www.runoob.com/xquery/xquery-tutorial.html,1
https://www.runoob.com/xslfo/xslfo-tutorial.html,1
https://www.runoob.com/svg/svg-tutorial.html,1
https://www.runoob.com/schema/schema-tutorial.html,1
https://www.runoob.com/http/http-tutorial.html,1
https://www.runoob.com/jquery/jquery-tutorial.html,1
https://www.runoob.com/wsdl/wsdl-tutorial.html,1
https://www.runoob.com/highcharts/highcharts-tutorial.html,1
https://www.runoob.com/r/r-tutorial.html,1
https://www.runoob.com/markdown/md-tutorial.html,1
https://www.runoob.com/xsl/xsl-tutorial.html,1
https://www.runoob.com/redis/redis-tutorial.html,1
https://www.runoob.com/aspnet/aspnet-tutorial.html,1
"用于开发 iOS，OS X 和 watchOS应用程序。""",1
https://www.runoob.com/html/html-tutorial.html,1
https://www.runoob.com/html/html5-intro.html,1
https://www.runoob.com/js/js-tutorial.html,1
https://www.runoob.com/aspnet/aspnet-intro.html,1
https://www.runoob.com/rss/rss-tutorial.html,1
https://www.runoob.com/rust/rust-tutorial.html,1
https://www.runoob.com/xml/xml-tutorial.html,1
https://www.runoob.com/vue3/vue3-tutorial.html,1
https://www.runoob.com/scipy/scipy-tutorial.html,1
https://www.runoob.com/typescript/ts-tutorial.html,1
https://www.runoob.com/regexp/regexp-tutorial.html,1
https://www.runoob.com/echarts/echarts-tutorial.html,1
https://www.runoob.com/postgresql/postgresql-tutorial.html,1
https://www.runoob.com/nodejs/nodejs-tutorial.html,1
https://www.runoob.com/jqueryui/jqueryui-tutorial.html,1
https://www.runoob.com/css/css-tutorial.html,1
https://www.runoob.com/lua/lua-tutorial.html,1
https://www.runoob.com/julia/julia-tutorial.html,1
https://www.runoob.com/react/react-tutorial.html,1
https://www.runoob.com/Memcached/Memcached-tutorial.html,1
https://www.runoob.com/java/java-tutorial.html,1
https://www.runoob.com/bootstrap5/bootstrap5-tutorial.html,1
https://www.runoob.com/sql/sql-tutorial.html,1
https://www.runoob.com/dtd/dtd-tutorial.html,1
https://www.runoob.com/scala/scala-tutorial.html,1
https://www.runoob.com/css3/css3-tutorial.html,1
https://www.runoob.com/cplusplus/cpp-tutorial.html,1
https://www.runoob.com/w3cnote/verilog-tutorial.html,1
https://www.runoob.com/dom/dom-tutorial.html,1
https://www.runoob.com/htmldom/htmldom-tutorial.html,1
https://www.runoob.com/ionic/ionic-tutorial.html,1
https://www.runoob.com/design-pattern/design-pattern-tutorial.html,1
https://www.runoob.com/jquerymobile/jquerymobile-tutorial.html,1
https://www.runoob.com/docker/docker-tutorial.html,1
https://www.runoob.com/googleapi/google-maps-basic.html,1
https://www.runoob.com/w3cnote/android-tutorial-intro.html,1
https://www.runoob.com/aspnet/mvc-intro.html,1
https://www.runoob.com/vue2/vue-tutorial.html,1
https://www.runoob.com/soap/soap-tutorial.html,1
https://www.runoob.com/perl/perl-tutorial.html,1
https://www.runoob.com/c/c-tutorial.html,1
https://www.runoob.com/chartjs/chartjs-tutorial.html,1
https://www.runoob.com/php/php-tutorial.html,1
https://www.runoob.com/browsers/browser-information.html,1
https://www.runoob.com/jeasyui/jqueryeasyui-tutorial.html,1
https://www.runoob.com/csharp/csharp-tutorial.html,1
https://www.runoob.com/w3cnote/zookeeper-tutorial.html,1
https://www.runoob.com/aspnet/webpages-intro.html,1
